<?xml version="1.0" encoding="UTF-8"?>
<con:soapui-project id="75d42001-fad1-4ecc-97f9-13e256322e1b" activeEnvironment="Default" name="REST Project 2" soapui-version="5.6.1" xmlns:con="http://eviware.com/soapui/config"><con:settings/><con:interface xsi:type="con:RestService" id="f4eec23e-c42b-40e9-84f0-d48b9a94f8b5" wadlVersion="http://wadl.dev.java.net/2009/02" name="http://localhost:8085" type="rest" xmlns:xsi="http://www.w3.org/2001/XMLSchema-instance"><con:settings/><con:definitionCache/><con:endpoints><con:endpoint>http://localhost:8085</con:endpoint></con:endpoints><con:resource name="Createcuenta" path="/cuentaAPI/createcuenta" id="f04a0bbf-bb14-4bbf-831c-bb13ffc6a9f9"><con:settings/><con:parameters/><con:method name="Createcuenta 1" id="f29bfbe3-ffe0-4744-bf8c-1e4c61b262c2" method="POST"><con:settings/><con:parameters/><con:representation type="REQUEST"><con:mediaType>application/json</con:mediaType><con:params/></con:representation><con:representation type="FAULT"><con:mediaType>application/json</con:mediaType><con:status>500</con:status><con:params/><con:element xmlns:cre="http://localhost/cuentaAPI/createcuenta">cre:Fault</con:element></con:representation><con:representation type="RESPONSE"><con:mediaType>application/json</con:mediaType><con:status>200</con:status><con:params/><con:element xmlns:cre="http://localhost/cuentaAPI/createcuenta">cre:Response</con:element></con:representation><con:representation type="RESPONSE"><con:mediaType xsi:nil="true"/><con:status>0</con:status><con:params/><con:element>data</con:element></con:representation><con:request name="Request 1" id="b12c42eb-c849-4b52-a5c5-2e872d56f039" mediaType="application/json" postQueryString="false"><con:settings><con:setting id="com.eviware.soapui.impl.wsdl.WsdlRequest@request-headers">&lt;xml-fragment/></con:setting></con:settings><con:endpoint>http://localhost:8085</con:endpoint><con:request>{
	"accountNumber" : "11118",
	"customerName" : "tio",
	"description" : "savings accont",
	"credit" : "1000",
	"debit" : "500"
}</con:request><con:originalUri>http://localhost/cuentaAPI/createcuenta</con:originalUri><con:credentials><con:authType>No Authorization</con:authType></con:credentials><con:jmsConfig JMSDeliveryMode="PERSISTENT"/><con:jmsPropertyConfig/><con:parameters/></con:request></con:method></con:resource></con:interface><con:properties/><con:wssContainer/><con:oAuth2ProfileContainer/><con:oAuth1ProfileContainer/></con:soapui-project>